n_jobs,mean_time,std_time,mean_accuracy,std_accuracy,speedup,efficiency
1,27.863926766673103,0.08198821374026918,0.9480000000000001,0.0004082482904638634,1.0,1.0
4,7.720139200023065,0.03849658243342632,0.9480000000000001,0.0004082482904638634,3.6092518599392425,0.9023129649848106
8,4.28009306662716,0.06610533371300446,0.9480000000000001,0.0004082482904638634,6.510121703645735,0.8137652129557169
6,5.44408189994283,0.059415749803036676,0.9480000000000001,0.0004082482904638634,5.118204920276036,0.8530341533793394
7,4.74256223323755,0.040282189205112916,0.9480000000000001,0.0004082482904638634,5.875289642251371,0.8393270917501958
