n_jobs,mean_time,std_time,mean_accuracy,std_accuracy,speedup,efficiency
1,28.06637233332731,0.236809467392433,0.9480000000000001,0.0004082482904638634,1.0,1.0
2,14.704391400096938,0.08572891319333349,0.9480000000000001,0.0004082482904638634,1.9087068325141483,0.9543534162570741
3,10.064192333413908,0.08877500013988233,0.9480000000000001,0.0004082482904638634,2.788735688222566,0.9295785627408554
4,7.814522033324465,0.06893980370521649,0.9480000000000001,0.0004082482904638634,3.5915660885771756,0.8978915221442939
5,6.4246804666084545,0.07640860284180133,0.9480000000000001,0.0004082482904638634,4.368524236994989,0.8737048473989978
6,5.472769000024225,0.028902416466085233,0.9480000000000001,0.0004082482904638634,5.128367803063326,0.854727967177221
7,4.790499000033985,0.051915078372541563,0.9480000000000001,0.0004082482904638634,5.858757581021977,0.8369653687174253
8,4.262255266696836,0.021241732593858222,0.9480000000000001,0.0004082482904638634,6.584864250769804,0.8231080313462255
