method,number_of_tests,best_n_jobs,best_time,accuracy
grid_search,8,7,6.698410066620757,0.9480000000000001
adaptive_search,5,6,9.149014366635432,0.9480000000000001
