method,number_of_tests,best_n_jobs,best_time,accuracy
grid_search,8,8,4.262255266696836,0.9480000000000001
adaptive_search,5,8,4.28009306662716,0.9480000000000001
